{
  "bindings": [
    {
      "authLevel": "anonymous",
      "type": "httpTrigger",
      "direction": "in",
      "name": "Request",
      "methods": [
        "post",
        "get",
        "delete",
        "put"
      ],
      "route": "subscriptions/{subscriptionId}/resourcegroups/{resourceGroupName}/providers/Microsoft.CustomProviders/ResourceProviders/customContainerProvider/startContainer/{resourceName}"
    },
    {
      "type": "http",
      "direction": "out",
      "name": "Response"
    }
  ]
}
